error_categ,count,mean
high,131078,51.171867132547035
low,142352,41.31431240867708
medium,138248,47.24155864822637
