priority,count,mean
high,1145,38.84192139737991
low,678,102.27728613569322
normal,11095,36.6810274898603
urgent,780,32.8474358974359
