discr_length,count,mean
Long,4796,40.0035446205171
Normal,4952,37.43477382875606
Short,4801,33.653197250572795
